{"background": [0, 0.0], "car": [6773, 10600787.272028534], "truck": [85, 705244.8482114411], "bus": [238, 2494001.690927763], "motorcycle": [0, 0.0], "bicycle": [802, 338005.52545311925], "scooter": [470, 193670.74789966203], "person": [3933, 1400999.3794637215], "rider": [1190, 507705.72649456945]}