{"background": [0, 0.0], "car": [6799, 85.08038264735464], "truck": [86, 6.219481999481899], "bus": [267, 18.782393539733867], "motorcycle": [0, 0.0], "bicycle": [806, 2.7695235497431], "scooter": [494, 1.4103181222500907], "person": [3872, 10.585024843148014], "rider": [1172, 3.916903120431168]}