{"background": [0, 0.0], "car": [6611, 79.76464632841243], "truck": [83, 6.958689311799372], "bus": [247, 19.276320611385703], "motorcycle": [0, 0.0], "bicycle": [826, 2.62137303442441], "scooter": [466, 1.3639281900679148], "person": [3900, 10.839694265215861], "rider": [1189, 4.053178592351838]}