{"background": [0, 0.0], "car": [6725, 82.64569493165158], "truck": [75, 6.005593691637793], "bus": [240, 20.795241769321812], "motorcycle": [0, 0.0], "bicycle": [837, 2.8663649592212948], "scooter": [460, 1.302484456120376], "person": [3968, 10.73367480920242], "rider": [1200, 4.2497765070346025]}